SETTLEMENTDATE,timestamp_utc,asset_label,Station Name,DUID,Region,Participant,Fuel Source - Primary,SCADAVALUE,MAX_CAP,utilisation_pct,REGION_RRP,Latitude,Longitude,Plant
2026-10-11 01:10:00,2026-10-10T15:13:28.135617,Capital Wind Farm (CAPTL_WF),Capital Wind Farm,CAPTL_WF,NSW1,Iberdrola Australia Holdings Pty Limited,Wind,4.78,140.0,3.41,198.89,-35.1,149.31,Capital Wind Farm
2026-10-11 01:10:00,2026-10-10T15:13:28.135617,Challicum Hills Wind Farm (CHALLHWF),Challicum Hills Wind Farm,CHALLHWF,VIC1,Pacific Hydro Challicum Hills Pty Ltd,Wind,4.8,52.0,9.23,98.11,-37.38,143.11,Challicum Hills Wind Farm
2026-10-11 01:10:00,2026-10-10T15:13:28.135617,Cullerin Range Wind Farm (CULLRGWF),Cullerin Range Wind Farm,CULLRGWF,NSW1,Cullerin Range Wind Farm Pty Ltd,Wind,2.61,30.0,8.7,198.89,-34.81,149.4,Cullerin Range Wind Farm
2026-10-11 01:10:00,2026-10-10T15:13:28.135617,Diapur Wind Farm (DIAPURWF1),Diapur Wind Farm,DIAPURWF1,VIC1,Y.E.S. Energy (SA) Pty Ltd,Wind,0.4,7.0,5.71,98.11,-36.3425,141.43,Diapur Wind Farm
2026-10-11 01:10:00,2026-10-10T15:13:28.135617,Mortons Lane Wind Farm (MLWF1),Mortons Lane Wind Farm,MLWF1,VIC1,Mortons Lane Windfarm Pty Limited,Wind,3.8,20.0,19.0,98.11,-37.84,142.45,Mortons Lane Wind Farm
2026-10-11 01:10:00,2026-10-10T15:13:28.135617,Waubra Wind Farm (WAUBRAWF),Waubra Wind Farm,WAUBRAWF,VIC1,Pyrenees Wind Energy Developments Pty Ltd,Wind,17.53,192.0,9.13,98.11,-37.394498,143.638982,Waubra Wind Farm
2026-10-11 01:10:00,2026-10-10T15:13:28.135617,Woolnorth Studland Bay / Bluff Point Wind Farm (WOOLNTH1),Woolnorth Studland Bay / Bluff Point Wind Farm,WOOLNTH1,TAS1,Hydro-Electric Corporation,Wind,30.48,140.0,21.77,92.11312,-40.69,144.72,Woolnorth Studland Bay / Bluff Point Wind Farm
2026-10-11 01:10:00,2026-10-10T15:13:28.135617,Yambuk Wind Farm (YAMBUKWF),Yambuk Wind Farm,YAMBUKWF,VIC1,Energy Pacific (Vic) Pty Ltd,Wind,4.5,30.0,15.0,98.11,-38.299083,142.027577,Yambuk Wind Farm
2026-10-11 01:10:00,2026-10-10T15:13:28.135617,Yaloak South Wind Farm (YSWF1),Yaloak South Wind Farm,YSWF1,VIC1,Pacific Hydro Yaloak South Pty Ltd,Wind,3.4,28.0,12.14,98.11,-37.7163,144.242853,Yaloak South Wind Farm
2026-10-11 01:10:00,2026-10-10T15:13:28.135617,Ararat Wind Farm (ARWF1),Ararat Wind Farm,ARWF1,VIC1,Ararat Wind Farm Pty Ltd,Wind,17.0,241.0,7.05,98.11,-37.232778,143.031389,Ararat Wind Farm
2026-10-11 01:10:00,2026-10-10T15:13:28.135617,Bald Hills Wind Farm (BALDHWF1),Bald Hills Wind Farm,BALDHWF1,VIC1,Alinta Energy Retail Sales Pty Ltd,Wind,1.11,106.0,1.05,98.11,-38.79,145.93,Bald Hills Wind Farm
2026-10-11 01:10:00,2026-10-10T15:13:28.135617,Bango 973 Wind Farm (BANGOWF1),Bango 973 Wind Farm,BANGOWF1,NSW1,BWF Nominees Pty Ltd as The Trustee for BWF Trust,Wind,7.4,155.0,4.77,198.89,-34.551582,148.732808,Bango 973 Wind Farm
2026-10-11 01:10:00,2026-10-10T15:13:28.135617,Bango 999 Wind Farm (BANGOWF2),Bango 999 Wind Farm,BANGOWF2,NSW1,BWF Nominees Pty Ltd as The Trustee for BWF Trust,Wind,9.3,82.0,11.34,198.89,-34.551582,148.732808,Bango 999 Wind Farm
2026-10-11 01:10:00,2026-10-10T15:13:28.135617,The Bluff Wind Farm (BLUFF1),The Bluff Wind Farm,BLUFF1,SA1,AGL SA Generation Pty Limited,Wind,23.5,53.0,44.34,100.44,-33.367778,138.728611,The Bluff Wind Farm
2026-10-11 01:10:00,2026-10-10T15:13:28.135617,Boco Rock Wind Farm (BOCORWF1),Boco Rock Wind Farm,BOCORWF1,NSW1,Boco Rock Wind Farm Pty Ltd,Wind,21.12,111.0,19.03,198.89,-36.578611,149.103333,Boco Rock Wind Farm
2026-10-11 01:10:00,2026-10-10T15:13:28.135617,Berrybank Wind Farm (BRYB1WF1),Berrybank Wind Farm,BRYB1WF1,VIC1,Berrybank Development Pty Ltd,Wind,50.52,175.9,28.72,98.11,-37.94,143.52,Berrybank Wind Farm
2026-10-11 01:10:00,2026-10-10T15:13:28.135617,Berrybank 2 Wind Farm (BRYB2WF2),Berrybank 2 Wind Farm,BRYB2WF2,VIC1,Berrybank 2 Asset Pty Ltd as trustee for Berrybank 2 Asset Trust,Wind,35.05,105.0,33.38,98.11,-37.94,143.52,Berrybank 2 Wind Farm
2026-10-11 01:10:00,2026-10-10T15:13:28.135617,Bulgana Green Power Hub (BULGANA1),Bulgana Green Power Hub,BULGANA1,VIC1,Bulgana Wind Farm Pty Ltd,Wind,10.7,204.0,5.25,98.11,-37.0975,142.973611,Bulgana Green Power Hub
2026-10-11 01:10:00,2026-10-10T15:13:28.135617,Cathedral Rocks (CATHROCK),Cathedral Rocks,CATHROCK,SA1,Cathedral Rocks Wind Farm Pty Ltd,Wind,47.3,66.0,71.67,100.44,-34.51,135.35,Cathedral Rocks
2026-10-11 01:10:00,2026-10-10T15:13:28.135617,Cherry Tree Wind Farm (CHYTWF1),Cherry Tree Wind Farm,CHYTWF1,VIC1,Cherry Tree Wind Farm Pty Ltd as trustee for The Cherry Tree Project trust ,Wind,0.0,57.0,0.0,98.11,-37.1,145.26,Cherry Tree Wind Farm
2026-10-11 01:10:00,2026-10-10T15:13:28.135617,Clements Gap Wind Farm (CLEMGPWF),Clements Gap Wind Farm,CLEMGPWF,SA1,Pacific Hydro Clements Gap Pty Ltd,Wind,10.88,57.0,19.09,100.44,-33.48,138.1,Clements Gap Wind Farm
2026-10-11 01:10:00,2026-10-10T15:13:28.135617,Clarke Creek Wind Farm (CLRKCWF1),Clarke Creek Wind Farm,CLRKCWF1,QLD1,Stanwell Corporation Limited ,Wind,226.79,338.0,67.1,167.49822,-22.85,149.45,Clarke Creek Wind Farm
2026-10-11 01:10:00,2026-10-10T15:13:28.135617,Clarke Creek Wind Farm (CLRKCWF2),Clarke Creek Wind Farm,CLRKCWF2,QLD1,Stanwell Corporation Limited ,Wind,61.61,101.0,61.0,167.49822,-22.85,149.45,Clarke Creek Wind Farm
2026-10-11 01:10:00,2026-10-10T15:13:28.135617,Canunda Wind Farm (CNUNDAWF),Canunda Wind Farm,CNUNDAWF,SA1,Canunda Power Pty Ltd,Wind,5.41,46.0,11.76,100.44,-37.73,140.39,Canunda Wind Farm
2026-10-11 01:10:00,2026-10-10T15:13:28.135617,Collector Wind Farm 1 (COLWF01),Collector Wind Farm 1,COLWF01,NSW1,Collector Wind Farm Pty Ltd,Wind,21.16,219.0,9.66,198.89,-34.8719,149.3967,Collector Wind Farm 1
2026-10-11 01:10:00,2026-10-10T15:13:28.135617,Coopers Gap Wind Farm (COOPGWF1),Coopers Gap Wind Farm,COOPGWF1,QLD1,PARF Company 10 Pty Limited as The Trustee for Coopers Gap Project Trust,Wind,69.01,440.0,15.68,167.49822,-26.74,151.45,Coopers Gap Wind Farm
2026-10-11 01:10:00,2026-10-10T15:13:28.135617,Crookwell 2 Wind Farm (CROOKWF2),Crookwell 2 Wind Farm,CROOKWF2,NSW1,Crookwell Development Pty Ltd ,Wind,1.78,91.0,1.96,198.89,-34.52,149.54,Crookwell 2 Wind Farm
2026-10-11 01:10:00,2026-10-10T15:13:28.135617,Crookwell 3 Wind Farm (CROOKWF3),Crookwell 3 Wind Farm,CROOKWF3,NSW1,Crookwell 3 Development Pty Ltd,Wind,1.1,56.0,1.96,198.89,-34.52,149.54,Crookwell 3 Wind Farm
2026-10-11 01:10:00,2026-10-10T15:13:28.135617,Crowlands Wind Farm (CROWLWF1),Crowlands Wind Farm,CROWLWF1,VIC1,Pacific Hydro Crowlands Pty Ltd ,Wind,6.48,79.0,8.2,98.11,-37.13,143.16,Crowlands Wind Farm
2026-10-11 01:10:00,2026-10-10T15:13:28.135617,Crudine Ridge Wind Farm (CRURWF1),Crudine Ridge Wind Farm,CRURWF1,NSW1,CRWF Nominees Pty Ltd As Trustee For The CRWF Trust,Wind,9.1,138.0,6.59,198.89,-32.97,149.64,Crudine Ridge Wind Farm
2026-10-11 01:10:00,2026-10-10T15:13:28.135617,Cattle Hill Wind Farm (CTHLWF1),Cattle Hill Wind Farm,CTHLWF1,TAS1,Wild Cattle Hill Pty Ltd,Wind,94.89,144.0,65.9,92.11312,-42.15,146.69,Cattle Hill Wind Farm
2026-10-11 01:10:00,2026-10-10T15:13:28.135617,Dulacca Wind Farm (DULAWF1),Dulacca Wind Farm,DULAWF1,QLD1,Dulacca Energy Project Co Pty Ltd,Wind,121.6,173.0,70.29,167.49822,-26.63,149.87,Dulacca Wind Farm
2026-10-11 01:10:00,2026-10-10T15:13:28.135617,Dundonnell Wind Farm (DUNDWF1),Dundonnell Wind Farm,DUNDWF1,VIC1,Dundonnell Wind Farm Pty Ltd,Wind,61.54,168.0,36.63,98.11,-37.52,142.58,Dundonnell Wind Farm
2026-10-11 01:10:00,2026-10-10T15:13:28.135617,Dundonnell Wind Farm (DUNDWF2),Dundonnell Wind Farm,DUNDWF2,VIC1,Dundonnell Wind Farm Pty Ltd,Wind,15.59,46.0,33.89,98.11,-37.52,142.58,Dundonnell Wind Farm
2026-10-11 01:10:00,2026-10-10T15:13:28.135617,Dundonnell Wind Farm (DUNDWF3),Dundonnell Wind Farm,DUNDWF3,VIC1,Dundonnell Wind Farm Pty Ltd,Wind,44.31,122.0,36.32,98.11,-37.52,142.58,Dundonnell Wind Farm
2026-10-11 01:10:00,2026-10-10T15:13:28.135617,Elaine Wind Farm (ELAINWF1),Elaine Wind Farm,ELAINWF1,VIC1,Lal Lal Wind Farms Nom Co Pty Ltd,Wind,4.26,82.0,5.2,98.11,-37.36,144.0,Elaine Wind Farm
2026-10-11 01:10:00,2026-10-10T15:13:28.135617,Flyers Creek Wind Farm (FLYCRKWF),Flyers Creek Wind Farm,FLYCRKWF,NSW1,Iberdrola Australia Energy Markets Pty Limited,Wind,0.0,140.0,0.0,198.89,-33.365556,148.981944,Flyers Creek Wind Farm
2026-10-11 01:10:00,2026-10-10T15:13:28.135617,Golden Plains Wind Farm East (GPWFEST1),Golden Plains Wind Farm East,GPWFEST1,VIC1,Golden Plains WF1 Pty Ltd as Trustee for the Golden Plains WF1 Unit Trust,Wind,37.53,240.0,15.64,98.11,-37.945091,143.752614,Golden Plains Wind Farm East
2026-10-11 01:10:00,2026-10-10T15:13:28.135617,Golden Plains Wind Farm East (GPWFEST2),Golden Plains Wind Farm East,GPWFEST2,VIC1,Golden Plains WF1 Pty Ltd as Trustee for the Golden Plains WF1 Unit Trust,Wind,22.82,253.0,9.02,98.11,-37.945091,143.752614,Golden Plains Wind Farm East
2026-10-11 01:10:00,2026-10-10T15:13:28.135617,Golden Plains Wind Farm East (GPWFEST3),Golden Plains Wind Farm East,GPWFEST3,VIC1,Golden Plains WF1 Pty Ltd as Trustee for the Golden Plains WF1 Unit Trust,Wind,18.01,240.0,7.5,98.11,-37.945091,143.752614,Golden Plains Wind Farm East
2026-10-11 01:10:00,2026-10-10T15:13:28.135617,Granville Harbour Wind Farm (GRANWF1),Granville Harbour Wind Farm,GRANWF1,TAS1,Granville Harbour Operations Pty Ltd as The Trustee for Granville Harbour Operations Trust,Wind,45.32,111.0,40.83,92.11312,-41.8,145.06,Granville Harbour Wind Farm
2026-10-11 01:10:00,2026-10-10T15:13:28.135617,Goyder South Wind Farm 1A (GSWF1A),Goyder South Wind Farm 1A,GSWF1A,SA1,Goyder Wind Farm 1 Pty Ltd as the Trustee for Goyder Wind Farm 1 Trust,Wind,56.21,201.0,27.97,100.44,-33.679758,138.937597,Goyder South Wind Farm 1A
2026-10-11 01:10:00,2026-10-10T15:13:28.135617,Goyder South Wind Farm 1B (GSWF1B1),Goyder South Wind Farm 1B,GSWF1B1,SA1,Goyder Wind Farm 1B Pty Ltd as the Trustee for the Goyder Wind Farm 1B Trust,Wind,31.77,196.0,16.21,100.44,-33.679758,138.937597,Goyder South Wind Farm 1B
2026-10-11 01:10:00,2026-10-10T15:13:28.135617,Gullen Range Wind Farm (GULLRWF1),Gullen Range Wind Farm,GULLRWF1,NSW1,New Gullen Range Wind Farm Pty Ltd,Wind,7.65,161.0,4.75,198.89,-34.34,149.27,Gullen Range Wind Farm
2026-10-11 01:10:00,2026-10-10T15:13:28.135617,Gullen Range Wind Farm (GULLRWF2),Gullen Range Wind Farm,GULLRWF2,NSW1,New Gullen Range Wind Farm Pty Ltd,Wind,2.29,107.0,2.14,198.89,-34.34,149.27,Gullen Range Wind Farm
2026-10-11 01:10:00,2026-10-10T15:13:28.135617,Gunning Wind Farm (GUNNING1),Gunning Wind Farm,GUNNING1,NSW1,Gunning Wind Energy Developments Pty Ltd,Wind,3.59,47.0,7.64,198.89,-34.813333,149.4,Gunning Wind Farm
2026-10-11 01:10:00,2026-10-10T15:13:28.135617,Hallett 1 Wind Farm (HALLWF1),Hallett 1 Wind Farm,HALLWF1,SA1,AGL SA Generation Pty Limited,Wind,41.98,95.0,44.19,100.44,-33.367778,138.728611,Hallett 1 Wind Farm
2026-10-11 01:10:00,2026-10-10T15:13:28.135617,Hallett 2 Wind Farm (HALLWF2),Hallett 2 Wind Farm,HALLWF2,SA1,AGL SA Generation Pty Limited,Wind,23.93,71.0,33.7,100.44,-33.367778,138.728611,Hallett 2 Wind Farm
2026-10-11 01:10:00,2026-10-10T15:13:28.135617,Hawkesdale Wind Farm (HD1WF1),Hawkesdale Wind Farm,HD1WF1,VIC1,Hawkesdale Asset Pty Ltd as trustee for Hawkesdale Asset Trust,Wind,31.42,89.0,35.3,98.11,-38.147894,142.361381,Hawkesdale Wind Farm
2026-10-11 01:10:00,2026-10-10T15:13:28.135617,Hornsdale Wind Farm (HDWF1),Hornsdale Wind Farm,HDWF1,SA1,HWF1 Pty Ltd,Wind,39.9,102.0,39.12,100.44,-33.050556,138.543611,Hornsdale Wind Farm
2026-10-11 01:10:00,2026-10-10T15:13:28.135617,Hornsdale Wind Farm 2 (HDWF2),Hornsdale Wind Farm 2,HDWF2,SA1,HWF 2 Pty Ltd,Wind,40.6,102.0,39.8,100.44,-33.06,138.54,Hornsdale Wind Farm 2
2026-10-11 01:10:00,2026-10-10T15:13:28.135617,Hornsdale Wind Farm 3 (HDWF3),Hornsdale Wind Farm 3,HDWF3,SA1,HWF3 Pty Ltd,Wind,44.5,109.0,40.83,100.44,-33.06,138.54,Hornsdale Wind Farm 3
2026-10-11 01:10:00,2026-10-10T15:13:28.135617,Kaban Wind Farm (KABANWF1),Kaban Wind Farm,KABANWF1,QLD1,Kaban Wind Farm Pty Ltd as trustee for Kaban Wind Farm Trust,Wind,37.64,152.0,24.76,167.49822,-17.56,145.41,Kaban Wind Farm
2026-10-11 01:10:00,2026-10-10T15:13:28.135617,Kennedy Energy Park (KEPWF1),Kennedy Energy Park,KEPWF1,QLD1,Kennedy Energy Park Pty Ltd,Wind,16.8,43.0,39.07,167.49822,-20.88,144.42,Kennedy Energy Park
2026-10-11 01:10:00,2026-10-10T15:13:28.135617,Kiata Wind Farm (KIATAWF1),Kiata Wind Farm,KIATAWF1,VIC1,Kiata ProjectCo Pty Ltd Atf Kiata Project Trust,Wind,3.3,31.0,10.65,98.11,-36.4,141.75,Kiata Wind Farm
2026-10-11 01:10:00,2026-10-10T15:13:28.135617,Lincoln Gap Wind Farm (LGAPWF1),Lincoln Gap Wind Farm,LGAPWF1,SA1,Lincoln Gap Wind Farm (Operations) Pty Ltd,Wind,17.79,123.0,14.46,100.44,-32.564279,137.557328,Lincoln Gap Wind Farm
2026-10-11 01:10:00,2026-10-10T15:13:28.135617,Lincoln Gap Wind Farm (LGAPWF1),Lincoln Gap Wind Farm,LGAPWF1,SA1,Lincoln Gap Wind Farm (Operations) Pty Ltd,Wind,17.79,123.0,14.46,100.44,-32.564279,137.557328,Lincoln Gap Wind Farm
2026-10-11 01:10:00,2026-10-10T15:13:28.135617,Lincoln Gap Wind Farm (LGAPWF2),Lincoln Gap Wind Farm,LGAPWF2,SA1,Lincoln Gap Wind Farm (Operations) Pty Ltd,Wind,23.2,85.0,27.29,100.44,-32.564279,137.557328,Lincoln Gap Wind Farm
2026-10-11 01:10:00,2026-10-10T15:13:28.135617,Lincoln Gap Wind Farm (LGAPWF2),Lincoln Gap Wind Farm,LGAPWF2,SA1,Lincoln Gap Wind Farm (Operations) Pty Ltd,Wind,23.2,85.0,27.29,100.44,-32.564279,137.557328,Lincoln Gap Wind Farm
2026-10-11 01:10:00,2026-10-10T15:13:28.135617,Lake Bonney Wind Farm Stage 1 (LKBONNY1),Lake Bonney Wind Farm Stage 1,LKBONNY1,SA1,Lake Bonney Wind Power Pty Ltd,Wind,7.5,81.0,9.26,100.44,-37.76,140.4,Lake Bonney Wind Farm Stage 1
2026-10-11 01:10:00,2026-10-10T15:13:28.135617,Lake Bonney Stage 2 Windfarm (LKBONNY2),Lake Bonney Stage 2 Windfarm,LKBONNY2,SA1,Lake Bonney Wind Power Pty Ltd,Wind,14.98,159.0,9.42,100.44,-37.76,140.4,Lake Bonney Stage 2 Windfarm
2026-10-11 01:10:00,2026-10-10T15:13:28.135617,Lake Bonney Stage 3 Wind Farm (LKBONNY3),Lake Bonney Stage 3 Wind Farm,LKBONNY3,SA1,Lake Bonney Wind Power Pty Ltd,Wind,3.41,39.0,8.74,100.44,-37.737781,140.388137,Lake Bonney Stage 3 Wind Farm
2026-10-11 01:10:00,2026-10-10T15:13:28.135617,Macarthur Wind Farm (MACARTH1),Macarthur Wind Farm,MACARTH1,VIC1,AGL Hydro Partnership,Wind,46.2,420.0,11.0,98.11,-38.048957,142.192112,Macarthur Wind Farm
2026-10-11 01:10:00,2026-10-10T15:13:28.135617,MacIntyre Wind Farm (MCINTYR1),MacIntyre Wind Farm,MCINTYR1,QLD1,MacIntyre UJV Operator Pty Ltd,Wind,204.57,890.0,22.99,167.49822,-28.32,151.54,MacIntyre Wind Farm
2026-10-11 01:10:00,2026-10-10T15:13:28.135617,Mt Mercer Wind Farm (MERCER01),Mt Mercer Wind Farm,MERCER01,VIC1,Mt Mercer Windfarm Pty Ltd,Wind,6.5,131.0,4.96,98.11,-37.841111,143.871111,Mt Mercer Wind Farm
2026-10-11 01:10:00,2026-10-10T15:13:28.135617,Mount Emerald Wind Farm (MEWF1),Mount Emerald Wind Farm,MEWF1,QLD1,Ergon Energy Queensland Pty Ltd ,Wind,35.41,178.0,19.89,167.49822,-17.133007,145.380644,Mount Emerald Wind Farm
2026-10-11 01:10:00,2026-10-10T15:13:28.135617,Mortlake South Wind Farm (MRTLSWF1),Mortlake South Wind Farm,MRTLSWF1,VIC1,Mortlake South Wind Farm Pty Ltd,Wind,40.24,153.0,26.3,98.11,-38.127337,142.857801,Mortlake South Wind Farm
2026-10-11 01:10:00,2026-10-10T15:13:28.135617,Mt Gellibrand Wind Farm (MTGELWF1),Mt Gellibrand Wind Farm,MTGELWF1,VIC1,Mt. Gellibrand Wind Farm Pty Ltd,Wind,44.44,132.0,33.67,98.11,-38.23,143.77,Mt Gellibrand Wind Farm
2026-10-11 01:10:00,2026-10-10T15:13:28.135617,Mt Millar Wind Farm (MTMILLAR),Mt Millar Wind Farm,MTMILLAR,SA1,Mt Millar Wind Farm Pty Ltd,Wind,4.8,70.0,6.86,100.44,-33.624444,136.703611,Mt Millar Wind Farm
2026-10-11 01:10:00,2026-10-10T15:13:28.135617,Musselroe Wind Farm (MUSSELR1),Musselroe Wind Farm,MUSSELR1,TAS1,Hydro-Electric Corporation,Wind,147.0,168.0,87.5,92.11312,-40.780225,148.010799,Musselroe Wind Farm
2026-10-11 01:10:00,2026-10-10T15:13:28.135617,Murra Warra Wind Farm (MUWAWF1),Murra Warra Wind Farm,MUWAWF1,VIC1,Telstra Energy (Generation) Pty Ltd,Wind,0.0,225.7,0.0,98.11,-36.432404,142.317853,Murra Warra Wind Farm
2026-10-11 01:10:00,2026-10-10T15:13:28.135617,Murra Warra Wind Farm Stage 2 (MUWAWF2),Murra Warra Wind Farm Stage 2,MUWAWF2,VIC1,Murra Warra II Project Co Pty Ltd ATF The Murra Warra II Project Trust,Wind,0.0,203.0,0.0,98.11,-36.43,142.32,Murra Warra Wind Farm Stage 2
2026-10-11 01:10:00,2026-10-10T15:13:28.135617,North Brown Hill Wind Farm (NBHWF1),North Brown Hill Wind Farm,NBHWF1,SA1,AGL SA Generation Pty Limited,Wind,58.0,132.0,43.94,100.44,-33.367778,138.728611,North Brown Hill Wind Farm
2026-10-11 01:10:00,2026-10-10T15:13:28.135617,Oaklands Hill Wind Farm (OAKLAND1),Oaklands Hill Wind Farm,OAKLAND1,VIC1,AGL Hydro Partnership,Wind,6.6,63.0,10.48,98.11,-37.683078,142.551678,Oaklands Hill Wind Farm
2026-10-11 01:10:00,2026-10-10T15:13:28.135617,Port Augusta Renewable Energy Park (PAREPW1),Port Augusta Renewable Energy Park,PAREPW1,SA1,Iberdrola Australia Energy Markets Pty Limited,Wind,47.06,201.0,23.41,100.44,-32.566944,137.856111,Port Augusta Renewable Energy Park
2026-10-11 01:10:00,2026-10-10T15:13:28.135617,Ryan Corner Wind Farm (RYANCWF1),Ryan Corner Wind Farm,RYANCWF1,VIC1,Ryan Corner Development Pty Ltd,Wind,55.34,205.0,27.0,98.11,-38.271017,142.140647,Ryan Corner Wind Farm
2026-10-11 01:10:00,2026-10-10T15:13:28.135617,Rye Park Renewable Energy (RYEPARK1),Rye Park Renewable Energy,RYEPARK1,NSW1,Rye Park Renewable Energy Pty Ltd as trustee for Rye Park Wind Farm Trust,Wind,28.94,384.0,7.54,198.89,-32.138333,148.972778,Rye Park Renewable Energy
2026-10-11 01:10:00,2026-10-10T15:13:28.135617,Salt Creek Wind Farm (SALTCRK1),Salt Creek Wind Farm,SALTCRK1,VIC1,Salt Creek Wind Farm Pty Ltd,Wind,15.47,54.0,28.65,98.11,-37.95,142.63,Salt Creek Wind Farm
2026-10-11 01:10:00,2026-10-10T15:13:28.135617,Sapphire Wind Farm (SAPHWF1),Sapphire Wind Farm,SAPHWF1,NSW1,The Trustee For The SWF1 Operations Trust,Wind,87.53,270.0,32.42,198.89,-29.7,151.41,Sapphire Wind Farm
2026-10-11 01:10:00,2026-10-10T15:13:28.135617,Snowtown Wind Farm Stage 2 North (SNOWNTH1),Snowtown Wind Farm Stage 2 North,SNOWNTH1,SA1,Snowtown Wind Farm Stage 2 Pty Ltd,Wind,15.0,144.0,10.42,100.44,-33.83,138.118611,Snowtown Wind Farm Stage 2 North
2026-10-11 01:10:00,2026-10-10T15:13:28.135617,Snowtown South Wind Farm (SNOWSTH1),Snowtown South Wind Farm,SNOWSTH1,SA1,Snowtown Wind Farm Stage 2 Pty Ltd,Wind,4.6,126.0,3.65,100.44,-33.83,138.118611,Snowtown South Wind Farm
2026-10-11 01:10:00,2026-10-10T15:13:28.135617,Snowtown Wind Farm Units 1 And 47 (SNOWTWN1),Snowtown Wind Farm Units 1 And 47,SNOWTWN1,SA1,Snowtown Wind Farm Pty Ltd,Wind,33.58,99.0,33.92,100.44,-33.83,138.118611,Snowtown Wind Farm Units 1 And 47
2026-10-11 01:10:00,2026-10-10T15:13:28.135617,Starfish Hill Wind Farm (STARHLWF),Starfish Hill Wind Farm,STARHLWF,SA1,Starfish Hill Wind Farm Pty Ltd,Wind,0.01,35.0,0.03,100.44,-35.58,138.14,Starfish Hill Wind Farm
2026-10-11 01:10:00,2026-10-10T15:13:28.135617,Stockyard Hill Wind Farm (STOCKYD1),Stockyard Hill Wind Farm,STOCKYD1,VIC1,Stockyard Hill Wind Farm Pty Ltd,Wind,20.82,511.0,4.07,98.11,-37.535833,143.251389,Stockyard Hill Wind Farm
2026-10-11 01:10:00,2026-10-10T15:13:28.135617,Silverton Wind Farm (STWF1),Silverton Wind Farm,STWF1,NSW1,PARF Company 8 Pty Ltd as The Trustee for Silverton Project Trust,Wind,0.0,198.0,0.0,198.89,-37.683168,142.551678,Silverton Wind Farm
2026-10-11 01:10:00,2026-10-10T15:13:28.135617,Taralga Wind Farm (TARALGA1),Taralga Wind Farm,TARALGA1,NSW1,Taralga Wind Farm Nominees No 2 Pty Ltd (ATF Taralga Wind Farm Operating Trust),Wind,11.89,106.0,11.22,198.89,-34.42352,149.826267,Taralga Wind Farm
2026-10-11 01:10:00,2026-10-10T15:13:28.135617,Wambo Wind Farm 1 (WAMBOWF1),Wambo Wind Farm 1,WAMBOWF1,QLD1,Stanwell Corporation Limited,Wind,0.0,245.0,0.0,167.49822,-35.187301,149.524945,Wambo Wind Farm 1
2026-10-11 01:10:00,2026-10-10T15:13:28.135617,Waterloo Wind Farm (WATERLWF),Waterloo Wind Farm,WATERLWF,SA1,Waterloo Wind Farm Pty Ltd,Wind,9.6,130.0,7.38,100.44,-34.00094,138.911567,Waterloo Wind Farm
2026-10-11 01:10:00,2026-10-10T15:13:28.135617,Willogoleche Wind Farm (WGWF1),Willogoleche Wind Farm,WGWF1,SA1,Willogoleche Power Pty Ltd As The Trustee For The Willogoleche Operating Trust,Wind,40.5,119.0,34.03,100.44,-33.39,138.85,Willogoleche Wind Farm
2026-10-11 01:10:00,2026-10-10T15:13:28.135617,Woodlawn Wind Farm (WOODLWN1),Woodlawn Wind Farm,WOODLWN1,NSW1,Woodlawn Wind Pty Ltd,Wind,4.34,48.0,9.04,198.89,-35.08,149.62,Woodlawn Wind Farm
2026-10-11 01:10:00,2026-10-10T15:13:28.135617,Wattle Point Wind Farm (WPWF),Wattle Point Wind Farm,WPWF,SA1,AGL SA Generation Pty Limited,Wind,0.0,91.0,0.0,100.44,-35.111624,137.7219,Wattle Point Wind Farm
2026-10-11 01:10:00,2026-10-10T15:13:28.135617,White Rock Wind Farm (WRWF1),White Rock Wind Farm,WRWF1,NSW1,White Rock Wind Farm Pty Ltd,Wind,8.12,172.0,4.72,198.89,-29.79,151.54,White Rock Wind Farm
2026-10-11 01:10:00,2026-10-10T15:13:28.135617,Yendon Wind Farm (YENDWF1),Yendon Wind Farm,YENDWF1,VIC1,Lal Lal Wind Farms Nom Co Pty Ltd,Wind,25.82,142.0,18.18,98.11,-37.629987,144.022717,Yendon Wind Farm
